epoca,erros,acuracia,coeficientes,intercepto
1,50,0.6666666666666666,"[0.0, -0.19000000000000006, 0.02999999999999997, -0.33000000000000007, -0.11999999999999998]",[0.0]
2,50,0.6666666666666666,"[0.0, -0.3800000000000001, 0.05999999999999994, -0.6600000000000001, -0.23999999999999996]",[0.0]
3,0,1.0,"[0.1, 0.1299999999999999, 0.41, -0.5200000000000001, -0.21999999999999997]",[0.0]
