epoca,erros,acuracia,coeficientes,intercepto
1,50,0.6666666666666666,"[0.0, -0.33000000000000007, -0.11999999999999998]",[0.0]
2,0,1.0,"[0.2, -0.0500000000000001, -0.07999999999999997]",[0.0]
